nombre,numero,email
Britanney,75,metus.aenean@auctornuncnulla.com
Alfreda,59,justo@laoreetposuereenim.org
Erica,5,tellus.non@nonummyac.com
Skyler,50,cras.vehicula.aliquet@ridiculusmus.co.uk
Vance,76,orci.adipiscing@acmi.net
Risa,36,sem.vitae.aliquam@vitae.edu
Dennis,23,torquent@neque.org
Colorado,52,quis.diam.pellentesque@nisicumsociis.com
Lisandra,16,erat@integer.edu
Rebecca,2,vestibulum.ante@integertincidunt.ca
Wing,73,erat@seddictumeleifend.com
Carla,1,suspendisse.tristique@tellussuspendisse.org
Aaron,49,nisl@urnanullam.net
Phyllis,88,parturient.montes@a.co.uk
Marshall,30,in.molestie@sagittisplacerat.edu
Stewart,49,massa.vestibulum@egetvolutpat.ca
Hedley,18,quis.tristique@crasdictum.org
Kaitlin,17,mauris.morbi@quamelementum.com
Jelani,53,mi@facilisis.co.uk
Baxter,37,integer.in@feugiatnec.ca
